Keyword,Avg. monthly searches,Competition (indexed value),Verdict,SERP Notes,Used In,Usage Count,Status,Content Type,Tool Covered
dead pixel fixer,6600,0,WINNABLE,JScreenFix + DeadPixelTest.org + small tools; no giants,,0,done,tool,stuck-pixel-fixer
bad pixel fixer,6600,0,WINNABLE,Small pixel fixer utilities; no platform giants,,0,done,tool,stuck-pixel-fixer
dead pixels repair,6600,0,WINNABLE,Small pixel fixer tools and guides; no platform giants,,0,done,tool,stuck-pixel-fixer
fix a stuck pixel,6600,0,WINNABLE,JScreenFix + small tech blogs; no major platform giant,,0,done,tool,stuck-pixel-fixer
stuck pixel,5400,0,WINNABLE,JScreenFix + small pixel tools dominate; no platform giant,,0,done,tool,stuck-pixel-fixer
backlight bleed test,5400,0,WINNABLE,darkblackscreen.com + small backlight test tools; no giants,,0,done,tool,backlight-bleed-test
oled burn in test,4400,0,WINNABLE,darkblackscreen.com + burnintest.org + small tools; no giants,,0,done,tool,image-retention-test
monitor pixel test,2900,0,WINNABLE,Small online pixel test tools; no platform giants,,0,done,tool,dead-pixel-test
dead pixel monitor test,2400,0,WINNABLE,DeadPixelTest.org + small online testers; no giants,,0,done,tool,dead-pixel-test
dead pixel screen test,2400,0,WINNABLE,Small pixel test utilities; no platform giants,,0,done,tool,dead-pixel-test
dead pixel test monitor,2400,0,WINNABLE,DeadPixelTest.org + small online testers; no giants,,0,done,tool,dead-pixel-test
dead pixel pada laptop,1900,0,WINNABLE,All Indonesian tech blogs; local weak competition,,0,done,landing,dead-pixel-test/for-laptops
deadpixelbuddy,1900,0,WINNABLE,Branded for deadpixelbuddy.com; small tool; no giants,,0,skip,skip,
pixelhealer,1900,0,WINNABLE,Aurelitec branded; small tool site dominates; no giants,,0,skip,skip,
dead pixel on projector,1600,0,WINNABLE,Small niche projector sites; no platform giants,,0,todo,blog,
dot pixel pada laptop,1300,0,WINNABLE,All Indonesian tech blogs; local weak competition,,0,done,landing,dead-pixel-test/for-laptops
lcd stuck pixel,1300,0,WINNABLE,Small pixel fix tools; no platform giants,,0,done,tool,stuck-pixel-fixer
dead pixel display,1000,0,WINNABLE,DeadPixelTest.org + small utilities; no platform giants,,0,done,tool,dead-pixel-test
black light bleed test,590,0,WINNABLE,darkblackscreen.com + small backlight test tools; no giants,,0,done,tool,backlight-bleed-test
burn in test oled,590,0,WINNABLE,All small burn-in test utilities; no platform giants,,0,done,tool,image-retention-test
display dead pixel,590,0,WINNABLE,Small pixel test utilities; no platform giants,,0,done,tool,dead-pixel-test
apa itu dead pixel,480,0,WINNABLE,All Indonesian tech blogs; no major platform giants,,0,todo,blog,dead-pixel-test
dead pixel test online,480,0,WINNABLE,All small utility/test sites; no platform giants,,0,done,tool,dead-pixel-test
dead pixel tester online,480,0,WINNABLE,All small utility/test sites; no platform giants,,0,done,tool,dead-pixel-test
dot pixel test,480,0,WINNABLE,Small pixel test utilities; no platform giants,,0,done,tool,dead-pixel-test
black dead pixel,390,0,WINNABLE,Small pixel test tools; no platform giants,,0,done,tool,dead-pixel-test
crt monitor refresh rate,390,0,WINNABLE,Niche CRT content; small forums and tech blogs only,refresh-rate-60hz-vs-144hz,1,done,blog,refresh-rate-checker
jscreenfix com,390,0,WINNABLE,Branded for JScreenFix; small tool site dominates,,0,skip,skip,
www jscreenfix com,390,0,WINNABLE,Branded for JScreenFix; small tool site dominates,,0,skip,skip,
burn pixel test,320,0,WINNABLE,Small pixel/burn test utilities; no giants,,0,done,tool,image-retention-test
fix dead pixel monitor,320,0,WINNABLE,Small tech blogs; no platform giants,,0,done,tool,stuck-pixel-fixer
lcd dead pixel test,320,0,WINNABLE,Small online pixel test tools; no platform giants,,0,done,tool,dead-pixel-test
lcd stuck pixel test,320,0,WINNABLE,Small pixel test tools; no platform giants,,0,done,tool,stuck-pixel-fixer
oled screen burn in test,320,0,WINNABLE,Small burn-in test utilities; no platform giants,,0,done,tool,image-retention-test
remove dead pixels,320,0,WINNABLE,Small fix guides + JScreenFix; no platform giants,,0,done,tool,stuck-pixel-fixer
stuck pixel remover,320,0,WINNABLE,Small pixel fixer tools; no platform giants,,0,done,tool,stuck-pixel-fixer
crt monitor hz,260,0,WINNABLE,Niche CRT content; small forums and tech blogs only,refresh-rate-60hz-vs-144hz,1,done,blog,refresh-rate-checker
fix broken pixels,260,0,WINNABLE,Small pixel repair blogs; no platform giants,,0,done,tool,stuck-pixel-fixer
oled burn in test image,260,0,WINNABLE,All small burn-in test utility sites; no platform giants,,0,done,tool,image-retention-test
lcd pixel test,210,0,WINNABLE,Small online pixel test tools; no platform giants,,0,done,tool,dead-pixel-test
pixel dead screen,210,0,WINNABLE,Small pixel test tools; no platform giants,,0,done,tool,dead-pixel-test
testufo com refresh rate,210,0,WINNABLE,Branded for TestUFO; small niche tool site dominates,,0,skip,skip,
dead monitor pixel,170,0,WINNABLE,Small pixel fix guides; no platform giants,,0,done,tool,dead-pixel-test
display dead pixel test,170,0,WINNABLE,Small pixel test utilities; no platform giants,,0,done,tool,dead-pixel-test
jscreenfix pixel repair,170,0,WINNABLE,Branded for JScreenFix; small tool + tech blogs,,0,skip,skip,
repair stuck pixel,170,0,WINNABLE,Small repair guides; no platform giants,,0,done,tool,stuck-pixel-fixer
burn in oled test,140,0,WINNABLE,All small burn-in test utilities; no platform giants,,0,done,tool,image-retention-test
dead test pixel,140,0,WINNABLE,Small pixel test tools; no platform giants,,0,done,tool,dead-pixel-test
deadpixelcheck,140,0,WINNABLE,Branded for small pixel check tool; no platform giants,,0,skip,skip,
first 120hz monitor,140,0,WINNABLE,Historical/niche content; small tech blogs and forums,refresh-rate-60hz-vs-144hz,1,done,blog,refresh-rate-checker
fix dead pixels on monitor,140,0,WINNABLE,Small tech blogs; no platform giants,,0,done,tool,stuck-pixel-fixer
high refresh rate crt,140,0,WINNABLE,Very niche CRT content; small forums; no platform giants,refresh-rate-60hz-vs-144hz,1,done,blog,refresh-rate-checker
jscreenfix full screen,140,0,WINNABLE,Branded for JScreenFix; small tool site dominates,,0,skip,skip,
oled dead pixel test,140,0,WINNABLE,Small pixel test tools; no platform giants,,0,done,tool,dead-pixel-test/for-oled
pixel test screen,140,0,WINNABLE,Small pixel test utilities; no platform giants,,0,done,tool,dead-pixel-test
program to fix dead pixels,140,0,WINNABLE,JScreenFix + PixelHealer + small download sites; no giants,,0,done,tool,stuck-pixel-fixer
144hz crt,110,0,WINNABLE,Very niche CRT content; small gaming forums only,refresh-rate-60hz-vs-144hz,1,done,blog,refresh-rate-checker
black pixel test,110,0,WINNABLE,Small online pixel test tools; no platform giants,,0,done,tool,dead-pixel-test
test dot pixel,110,0,WINNABLE,Small pixel test utilities; no platform giants,,0,done,tool,dead-pixel-test
crt monitor resolution,260,1,WINNABLE,Niche CRT; VOGONS Forum + small tech blogs; no giants,refresh-rate-60hz-vs-144hz,1,done,blog,resolution-checker
wide screen crt,110,3,WINNABLE,Niche CRT; small retro/gaming forums; no giants,,0,todo,blog,
120hz crt monitor,110,17,WINNABLE,Very niche CRT content; small gaming forums only,refresh-rate-60hz-vs-144hz,1,done,blog,refresh-rate-checker
1080p crt monitor,210,21,WINNABLE,Niche CRT; small retro/gaming forums and blogs,,0,todo,blog,
highest resolution crt monitor,170,21,WINNABLE,Very niche CRT content; small forums; no platform giants,,0,todo,blog,
bleeding laptop,6600,0,BORDERLINE,Mix of backlight bleed fix guides + manufacturer blogs,,0,done,tool,backlight-bleed-test
broken pixels on iphone,6600,0,BORDERLINE,Apple Community + small repair sites,how-to-test-monitor-dead-pixels,1,done,blog,dead-pixel-test
dead iphone pixels,6600,0,BORDERLINE,Apple Community present + small iPhone repair sites,how-to-test-monitor-dead-pixels,1,done,blog,dead-pixel-test
dead pixel iphone,6600,0,BORDERLINE,Apple Community present; mix with small repair sites,how-to-test-monitor-dead-pixels,1,done,blog,dead-pixel-test
iphone stuck pixel,6600,0,BORDERLINE,Apple Community + JScreenFix + small repair sites,stuck-pixels-causes-and-fixes,1,done,blog,stuck-pixel-fixer
lcd bleed,6600,0,BORDERLINE,Mix of small backlight bleed guides + manufacturer blogs,,0,done,tool,backlight-bleed-test
screen burn in samsung,6600,0,BORDERLINE,Samsung Community + XDA + Android Central,,0,todo,blog,image-retention-test
amoled screen dead pixel,5400,0,BORDERLINE,Samsung Members + DeadPixelTest.org + XDA,how-to-test-monitor-dead-pixels,1,done,blog,dead-pixel-test
white screen 1080p,5400,0,BORDERLINE,White screen test tools + informational mix,,0,done,tool,white-screen
damaged pixels on laptop screen,4400,0,BORDERLINE,Lenovo + small repair guides present,how-to-test-monitor-dead-pixels,1,done,blog,dead-pixel-test
screen bleeding in laptop,4400,0,BORDERLINE,Small tech blogs + manufacturer pages,,0,done,tool,backlight-bleed-test
white pixel on laptop screen,4400,0,BORDERLINE,Small pixel fix guides + manufacturer pages,how-to-test-monitor-dead-pixels,1,done,blog,dead-pixel-test
white pixel screen,4400,0,BORDERLINE,Small pixel fix guides + manufacturer pages,,0,done,tool,dead-pixel-test
aoc monitor dead pixel,3600,0,BORDERLINE,AOC warranty pages + gaming community forums,,0,todo,blog,dead-pixel-test
backlight bleed laptop,3600,0,BORDERLINE,Mix of small tech blogs + manufacturer pages,what-is-backlight-bleed,1,done,tool,backlight-bleed-test
iphone screen damaged pixels,3600,0,BORDERLINE,Apple Community + small iPhone repair sites,how-to-test-monitor-dead-pixels,1,done,blog,dead-pixel-test
laptop backlight bleed,3600,0,BORDERLINE,Mix of small tech blogs + manufacturer pages,what-is-backlight-bleed,1,done,tool,backlight-bleed-test
white pixel on screen,3600,0,BORDERLINE,JScreenFix + small pixel guides + Lenovo present,,0,done,tool,dead-pixel-test
amoled stuck pixel,2900,0,BORDERLINE,Samsung Members + small pixel tools,stuck-pixels-causes-and-fixes,1,done,blog,stuck-pixel-fixer
backlight bleed macbook pro,2900,0,BORDERLINE,Apple Community + MacRumors + iFixit present,what-is-backlight-bleed,1,done,blog,backlight-bleed-test
dead pixel in laptop,2900,0,BORDERLINE,Lenovo + small repair guides present,,0,done,tool,dead-pixel-test/for-laptops
dead pixels on laptop screen spreading,2900,0,BORDERLINE,Lenovo + HP Support Community + small blogs,how-to-test-monitor-dead-pixels,1,done,blog,dead-pixel-test
dell monitor dead pixel,2900,0,BORDERLINE,Dell community + Tom's Guide + small tech blogs,,0,todo,blog,dead-pixel-test
stuck pixels phone,2900,0,BORDERLINE,Small repair guides + manufacturer pages,stuck-pixels-causes-and-fixes,1,done,blog,stuck-pixel-fixer
white pixel on monitor,2900,0,BORDERLINE,Small pixel fix guides + manufacturer pages,,0,done,tool,dead-pixel-test
oled monitor burn in,2400,0,BORDERLINE,ViewSonic + Corsair + Tom's Hardware + small sites,,0,done,tool,image-retention-test
dead pixel iphone xr,2400,0,BORDERLINE,Apple Community + MacRumors Forums + small repair sites,how-to-test-monitor-dead-pixels,1,done,blog,dead-pixel-test
dead screen pixels,2400,0,BORDERLINE,Small pixel guides + manufacturer knowledge bases,,0,done,tool,dead-pixel-test
backlight bleed samsung,1900,0,BORDERLINE,Samsung community + small guides present,,0,todo,blog,backlight-bleed-test
oculus dead pixel,1900,0,BORDERLINE,Meta Community Forums + small VR repair sites,,0,todo,blog,dead-pixel-test
oled phone burn in,1900,0,BORDERLINE,Samsung Community + Android Authority + small sites,monitor-panel-types-ips-va-oled,1,done,blog,image-retention-test
1024x768 screen resolution,1600,0,BORDERLINE,Informational; Wikipedia + small tech blogs,,0,done,tool,resolution-checker
dead pixel on mobile screen,1600,0,BORDERLINE,Small repair guides + manufacturer pages,how-to-test-monitor-dead-pixels,1,done,blog,dead-pixel-test
iphone broken pixels,1600,0,BORDERLINE,Apple Community + small iPhone repair sites,how-to-test-monitor-dead-pixels,1,done,blog,dead-pixel-test
native screen resolution,1600,0,BORDERLINE,Microsoft support + RTINGS + small guides,,0,done,tool,resolution-checker
samsung s20 dead pixel,1600,0,BORDERLINE,Samsung Community + small guides,how-to-test-monitor-dead-pixels,1,done,blog,dead-pixel-test
oled burn in fix,1300,0,BORDERLINE,LG + Samsung official + Tom's Guide + small sites,monitor-panel-types-ips-va-oled,1,done,blog,image-retention-test
benq ex2780q backlight bleed,1300,0,BORDERLINE,BenQ + RTINGS + small tech blogs present,,0,todo,blog,backlight-bleed-test
damaged pixel,1300,0,BORDERLINE,Mix of manufacturer knowledge bases + small guides,,0,done,tool,dead-pixel-test
dead pixel lcd,1300,0,BORDERLINE,Mix of small pixel guides + manufacturer knowledge bases,,0,done,tool,dead-pixel-test
dead pixels macbook pro retina display,1300,0,BORDERLINE,Apple Community + iFixit + MacRumors present,how-to-test-monitor-dead-pixels,1,done,blog,dead-pixel-test
fix oled burn in,1300,0,BORDERLINE,LG + Samsung + Tom's Guide + small sites,monitor-panel-types-ips-va-oled,1,done,blog,image-retention-test
iphone xr dead pixel,1300,0,BORDERLINE,Apple Community + MacRumors + small repair sites,how-to-test-monitor-dead-pixels,1,done,blog,dead-pixel-test
ips glow laptop,1300,0,BORDERLINE,DisplayNinja + Tom's Hardware Forum + BenQ + small sites,,0,done,tool,ips-glow-test
light bleeding laptop,1300,0,BORDERLINE,Small tech blogs + manufacturer pages,,0,done,tool,backlight-bleed-test
oled burn in reddit,1300,0,BORDERLINE,RTINGS + LG + Samsung + XDA-Developers present,monitor-panel-types-ips-va-oled,1,done,blog,image-retention-test
oled screen bleeding,1300,0,BORDERLINE,Small guides + AVForums + MacRumors present,what-is-backlight-bleed,1,done,blog,backlight-bleed-test
oled screen burn in fix,1300,0,BORDERLINE,LG + Samsung + Tom's Guide + small sites,monitor-panel-types-ips-va-oled,1,done,blog,image-retention-test
oled tv burn in fix,1300,0,BORDERLINE,LG + Samsung official + small tech guides,monitor-panel-types-ips-va-oled,1,done,blog,image-retention-test
burn in oled samsung,1000,0,BORDERLINE,Samsung Community + small tech guides,,0,todo,blog,image-retention-test
dead pixel iphone test,1000,0,BORDERLINE,Apple Community present + small pixel test tools,how-to-test-monitor-dead-pixels,1,done,blog,dead-pixel-test
dead pixel test iphone,1000,0,BORDERLINE,Apple Community present + small pixel test tools,how-to-test-monitor-dead-pixels,1,done,blog,dead-pixel-test
oled panel burn in,1000,0,BORDERLINE,Mix of manufacturer pages + tech publications,,0,done,tool,image-retention-test
oled subtitle burn in,1000,0,BORDERLINE,Mix of RTINGS + small forum posts + LG,monitor-panel-types-ips-va-oled,1,done,blog,image-retention-test
resolution 1280x1024,1000,0,BORDERLINE,Informational; small tech forums + Wikipedia,,0,done,tool,resolution-checker
screen resolution meaning,1000,0,BORDERLINE,Wikipedia + Samsung + Lenovo + ViewSonic + small blogs,understanding-monitor-resolution-dpi,1,done,blog,resolution-checker
xiaomi dead pixel,1000,0,BORDERLINE,Xiaomi community forum + small repair sites,how-to-test-monitor-dead-pixels,1,done,blog,dead-pixel-test
backlight leakage,880,0,BORDERLINE,Small backlight guides + manufacturer knowledge bases,,0,done,tool,backlight-bleed-test
black pixels on iphone screen,880,0,BORDERLINE,Apple Community present + small repair sites,how-to-test-monitor-dead-pixels,1,done,blog,dead-pixel-test
chromebook display resolution,880,0,BORDERLINE,Google Chromebook pages + small tech guides,,0,todo,blog,resolution-checker
damaged pixels on phone screen,880,0,BORDERLINE,Small repair guides + manufacturer pages,how-to-test-monitor-dead-pixels,1,done,blog,dead-pixel-test
dead pixel green,880,0,BORDERLINE,Small pixel guides; some manufacturer knowledge base results,,0,done,tool,dead-pixel-test
dead pixel lcd screen,880,0,BORDERLINE,Mix of small pixel guides + manufacturer pages,,0,done,tool,dead-pixel-test
dead pixel oled,880,0,BORDERLINE,Mix of small pixel guides + OLED manufacturer pages,,0,done,tool,dead-pixel-test/for-oled
dead pixel on iphone screen,880,0,BORDERLINE,Apple Community + small iPhone repair sites,how-to-test-monitor-dead-pixels,1,done,blog,dead-pixel-test
lg burn in oled,880,0,BORDERLINE,LG official + RTINGS + small guides,monitor-panel-types-ips-va-oled,1,done,blog,image-retention-test
lg oled tv burn in,880,0,BORDERLINE,LG official + TechRadar + RTINGS + small sites,monitor-panel-types-ips-va-oled,1,done,blog,image-retention-test
light leakage laptop,880,0,BORDERLINE,Small tech blogs + manufacturer pages,,0,done,tool,backlight-bleed-test
macbook pro screen bleeding,880,0,BORDERLINE,Apple Community + MacRumors + iFixit present,what-is-backlight-bleed,1,done,blog,backlight-bleed-test
oled display burn in,880,0,BORDERLINE,Mix of manufacturer pages + tech publications,,0,done,tool,image-retention-test
oled screen burn in,880,0,BORDERLINE,Mix of manufacturer pages + Tom's Guide + small sites,,0,done,tool,image-retention-test
amoled screen bleeding,720,0,BORDERLINE,Samsung Members + small guides + XDA Forums,,0,todo,blog,backlight-bleed-test
backlight bleed monitor,720,0,BORDERLINE,DisplayNinja + Acer + iFixit + small guides,,0,done,tool,backlight-bleed-test
broken pixel iphone,720,0,BORDERLINE,Apple Community + small iPhone repair sites,how-to-test-monitor-dead-pixels,1,done,blog,dead-pixel-test
burned pixel,720,0,BORDERLINE,Mix of small pixel fix/burn-in guides,,0,done,tool,image-retention-test
dead pixel in iphone,720,0,BORDERLINE,Apple Community present + small repair blogs,how-to-test-monitor-dead-pixels,1,done,blog,dead-pixel-test
dead pixel in phone,720,0,BORDERLINE,Small repair guides + manufacturer pages,how-to-test-monitor-dead-pixels,1,done,blog,dead-pixel-test
dead pixel in screen,720,0,BORDERLINE,Mix of small pixel fix sites + manufacturer pages,,0,done,tool,dead-pixel-test
dead pixels on iphone xr,720,0,BORDERLINE,Apple Community + small iPhone repair sites,how-to-test-monitor-dead-pixels,1,done,blog,dead-pixel-test
green pixel on monitor,720,0,BORDERLINE,Small pixel guides + manufacturer knowledge bases,,0,done,tool,dead-pixel-test
hp omen backlight bleed,720,0,BORDERLINE,HP Support Community + small tech blogs,,0,todo,blog,backlight-bleed-test
oled dead pixel,720,0,BORDERLINE,Mix of OLED manufacturer pages + small pixel guides,,0,done,tool,dead-pixel-test/for-oled
samsung galaxy dead pixel,720,0,BORDERLINE,Samsung Community + small guides,how-to-test-monitor-dead-pixels,1,done,blog,dead-pixel-test
screen refresh,720,0,BORDERLINE,Microsoft support + small how-to guides,,0,done,tool,refresh-rate-checker
stuck pixel ipad,720,0,BORDERLINE,Apple Community + iFixit + small repair sites,stuck-pixels-causes-and-fixes,1,done,blog,stuck-pixel-fixer
white dead pixel,720,0,BORDERLINE,Small pixel guides + Lenovo/HP knowledge bases,,0,done,tool,dead-pixel-test
1024 x 600 resolution,590,0,BORDERLINE,Informational; small tech forums + Wikipedia,,0,done,tool,resolution-checker
640 x 360 resolution,590,0,BORDERLINE,Informational; small tech forums + Wikipedia,,0,done,tool,resolution-checker
acer nitro 5 backlight bleed,590,0,BORDERLINE,Acer community + small tech blogs present,,0,todo,blog,backlight-bleed-test
asus monitor dead pixel,590,0,BORDERLINE,ASUS community + small tech guides,,0,todo,blog,dead-pixel-test
broken pixels on monitor,590,0,BORDERLINE,Small repair guides + manufacturer knowledge bases,,0,done,tool,dead-pixel-test
dead pixel led monitor,590,0,BORDERLINE,Small pixel guides + manufacturer knowledge bases,,0,done,tool,dead-pixel-test
led monitor dead pixel,590,0,BORDERLINE,Small pixel guides + manufacturer pages,,0,done,tool,dead-pixel-test
led screen dead pixel,590,0,BORDERLINE,Small pixel guides + manufacturer pages,,0,done,tool,dead-pixel-test
my refresh rate,590,0,BORDERLINE,Microsoft support + small how-to guides,,0,done,tool,refresh-rate-checker
oled burn in example,590,0,BORDERLINE,Mix of tech reviews + manufacturer pages,monitor-panel-types-ips-va-oled,1,done,blog,image-retention-test
refresh rate ps4,590,0,BORDERLINE,PlayStation support + small gaming guides,refresh-rate-60hz-vs-144hz,1,done,blog,refresh-rate-checker
black pixel on screen,480,0,BORDERLINE,Small pixel fix guides + manufacturer pages,,0,done,tool,dead-pixel-test
dead pixel phone,480,0,BORDERLINE,Small repair guides + manufacturer pages,how-to-test-monitor-dead-pixels,1,done,blog,dead-pixel-test
dead pixel test android,480,0,BORDERLINE,Google Play apps present; also small test sites,,0,done,tool,dead-pixel-test
dead pixel white,480,0,BORDERLINE,Small pixel guides + Lenovo/HP knowledge bases,,0,done,tool,dead-pixel-test
dead pixel xiaomi,480,0,BORDERLINE,Xiaomi community forum + small repair sites,how-to-test-monitor-dead-pixels,1,done,blog,dead-pixel-test
dead pixels on phone screen,480,0,BORDERLINE,Small repair guides + manufacturer pages,how-to-test-monitor-dead-pixels,1,done,blog,dead-pixel-test
light bleed samsung tv,480,0,BORDERLINE,Samsung community + small guides,,0,todo,blog,backlight-bleed-test
oled burn in gaming,480,0,BORDERLINE,Corsair + Tom's Hardware + PCWorld + small sites,monitor-panel-types-ips-va-oled,1,done,blog,image-retention-test
samsung tv burn in,480,0,BORDERLINE,Samsung community + small guides,,0,todo,blog,image-retention-test
samsung tv light bleed,480,0,BORDERLINE,Samsung community + small guides,,0,todo,blog,backlight-bleed-test
stuck pixel macbook pro,480,0,BORDERLINE,Apple Community + MacRumors + small repair sites,stuck-pixels-causes-and-fixes,1,done,blog,stuck-pixel-fixer
bright pixel on screen,390,0,BORDERLINE,Small pixel fix guides; some manufacturer knowledge bases,,0,done,tool,dead-pixel-test
dead pixel phone screen,390,0,BORDERLINE,Small repair guides + manufacturer pages,how-to-test-monitor-dead-pixels,1,done,blog,dead-pixel-test
dot pixel monitor,390,0,BORDERLINE,Small pixel guides + manufacturer pages,,0,done,tool,dead-pixel-test
hot pixel monitor,390,0,BORDERLINE,Small pixel guides + manufacturer knowledge bases,,0,done,tool,dead-pixel-test
ips glow fix,390,0,BORDERLINE,DisplayNinja + HowToGeek + Dell + small tech blogs,,0,done,tool,ips-glow-test
lcd light leakage,390,0,BORDERLINE,Small backlight guides + manufacturer knowledge bases,,0,done,tool,backlight-bleed-test
lg dead pixel,390,0,BORDERLINE,LG community + small pixel guides,,0,todo,blog,dead-pixel-test
lg oled dead pixel,390,0,BORDERLINE,LG community + small pixel guides,,0,todo,blog,dead-pixel-test
lg oled tv dead pixel,390,0,BORDERLINE,LG community + small pixel guides,,0,todo,blog,dead-pixel-test
macbook screen bleed,390,0,BORDERLINE,Apple Community + MacRumors + iFixit present,what-is-backlight-bleed,1,done,blog,backlight-bleed-test
oled letterbox burn in,390,0,BORDERLINE,Mix of RTINGS + small forum posts,monitor-panel-types-ips-va-oled,1,done,blog,image-retention-test
pixel burn in oled,390,0,BORDERLINE,Mix of OLED guides + manufacturer pages,,0,done,tool,image-retention-test
standard screen resolution sizes,390,0,BORDERLINE,Small tech guides + Wikipedia + manufacturer pages,understanding-monitor-resolution-dpi,1,done,blog,resolution-checker
dead phone pixels,320,0,BORDERLINE,Small repair guides + some manufacturer pages,how-to-test-monitor-dead-pixels,1,done,blog,dead-pixel-test
dead pixel iphone screen,320,0,BORDERLINE,Apple Community present + small iPhone repair sites,how-to-test-monitor-dead-pixels,1,done,blog,dead-pixel-test
display refresh,320,0,BORDERLINE,RTINGS + small tech blogs + manufacturer pages,,0,done,tool,refresh-rate-checker
full screen resolution size,320,0,BORDERLINE,Small how-to guides + Wikipedia,,0,done,tool,resolution-checker
normal resolution for pc,320,0,BORDERLINE,Small tech guides + manufacturer pages,,0,done,tool,resolution-checker
oled gaming burn in,320,0,BORDERLINE,Monitor brands + Tom's Hardware + PCWorld present,monitor-panel-types-ips-va-oled,1,done,blog,image-retention-test
samsung curved tv light bleed,320,0,BORDERLINE,Samsung community + small guides,,0,todo,blog,backlight-bleed-test
sony backlight bleeding,320,0,BORDERLINE,Sony community + small tech blogs,,0,todo,blog,backlight-bleed-test
sony tv dead pixel,320,0,BORDERLINE,Sony community + small repair sites,,0,todo,blog,dead-pixel-test
white stuck pixel,320,0,BORDERLINE,Small pixel guides + manufacturer knowledge bases,,0,done,tool,stuck-pixel-fixer
alienware backlight bleed,260,0,BORDERLINE,Dell community + small tech blogs present,,0,todo,blog,backlight-bleed-test
bright pixel iphone,260,0,BORDERLINE,Apple Community present; small iPhone repair sites,how-to-test-monitor-dead-pixels,1,done,blog,dead-pixel-test
burnt pixel,260,0,BORDERLINE,Mix of small pixel fix/burn-in guides,,0,done,tool,image-retention-test
lg b9 burn in,260,0,BORDERLINE,LG official + RTINGS + forums + small sites,monitor-panel-types-ips-va-oled,1,done,blog,image-retention-test
lg oled stuck pixel,260,0,BORDERLINE,LG community + small pixel guides,stuck-pixels-causes-and-fixes,1,done,blog,stuck-pixel-fixer
qled tv burn in,260,0,BORDERLINE,Samsung + tech publications + small guides,monitor-panel-types-ips-va-oled,1,done,blog,image-retention-test
sony oled burn in,260,0,BORDERLINE,Sony support + RTINGS + small forums,monitor-panel-types-ips-va-oled,1,done,blog,image-retention-test
sony oled tv burn in,260,0,BORDERLINE,Sony support + RTINGS + small forums,monitor-panel-types-ips-va-oled,1,done,blog,image-retention-test
tv screen bleeding,260,0,BORDERLINE,Small guides + manufacturer support pages,,0,todo,blog,backlight-bleed-test
lg oled burn in fix,210,0,BORDERLINE,LG official support present; also small guides,monitor-panel-types-ips-va-oled,1,done,blog,image-retention-test
black pixels on phone screen,210,0,BORDERLINE,Mix of small repair/help sites; Google support possible,how-to-test-monitor-dead-pixels,1,done,blog,dead-pixel-test
burn in oled screen,210,0,BORDERLINE,Mix of manufacturer pages + small guides,,0,done,tool,image-retention-test
damaged pixels on phone,210,0,BORDERLINE,Small repair guides + manufacturer pages,how-to-test-monitor-dead-pixels,1,done,blog,dead-pixel-test
dead pixel led,210,0,BORDERLINE,Small pixel fix guides + manufacturer pages,,0,done,tool,dead-pixel-test
dead pixel on phone test,210,0,BORDERLINE,Small pixel test tools + manufacturer pages,how-to-test-monitor-dead-pixels,1,done,blog,dead-pixel-test
frozen pixel,210,0,BORDERLINE,Small pixel guides + manufacturer pages,,0,done,tool,stuck-pixel-fixer
led stuck pixel,210,0,BORDERLINE,Small pixel guides + manufacturer pages,,0,done,tool,stuck-pixel-fixer
led tv light bleed,210,0,BORDERLINE,Mix of small backlight guides + manufacturer blogs,,0,todo,blog,backlight-bleed-test
light bleed tv,210,0,BORDERLINE,Small guides + manufacturer pages,,0,todo,blog,backlight-bleed-test
oled c9 burn in,210,0,BORDERLINE,LG community + RTINGS + small forums,monitor-panel-types-ips-va-oled,1,done,blog,image-retention-test
oled logo burn in,210,0,BORDERLINE,Mix of small guides + manufacturer pages,monitor-panel-types-ips-va-oled,1,done,blog,image-retention-test
ps5 refresh rate hz,210,0,BORDERLINE,Sony + Digital Foundry + small gaming guides,refresh-rate-60hz-vs-144hz,1,done,blog,refresh-rate-checker
refresh rate in computer graphics,210,0,BORDERLINE,Wikipedia + small educational blogs,refresh-rate-60hz-vs-144hz,1,done,blog,refresh-rate-checker
samsung monitor dead pixel,210,0,BORDERLINE,Samsung Community + small guides,how-to-test-monitor-dead-pixels,1,done,blog,dead-pixel-test
stuck pixel android,210,0,BORDERLINE,Google support + Google Play apps + small tools,stuck-pixels-causes-and-fixes,1,done,blog,stuck-pixel-fixer
white saturation,170,0,BORDERLINE,Microsoft Q&A + Intel + Apple Community + Lagom LCD test,,0,done,tool,white-saturation-test
1366 x 768 screen size,170,0,BORDERLINE,Informational; small tech blogs + Wikipedia,,0,done,tool,resolution-checker
480p widescreen,170,0,BORDERLINE,Informational; small tech blogs + Wikipedia,,0,done,tool,resolution-checker
480x320 resolution,170,0,BORDERLINE,Informational; small tech forums + Wikipedia,,0,done,tool,resolution-checker
backlight bleed samsung tv,170,0,BORDERLINE,Samsung community + small guides present,,0,todo,blog,backlight-bleed-test
backlight bleeding issue,170,0,BORDERLINE,Mix of small tech blogs + manufacturer pages,,0,done,tool,backlight-bleed-test
broken pixel on phone,170,0,BORDERLINE,Small repair guides + manufacturer support pages,how-to-test-monitor-dead-pixels,1,done,blog,dead-pixel-test
burn in qled,170,0,BORDERLINE,Samsung + tech publications + small guides,monitor-panel-types-ips-va-oled,1,done,blog,image-retention-test
burn in tv oled,170,0,BORDERLINE,LG + Samsung official + tech publications,monitor-panel-types-ips-va-oled,1,done,blog,image-retention-test
custom screen resolution,170,0,BORDERLINE,Microsoft support + NVIDIA/AMD + small guides,,0,todo,blog,resolution-checker
dead pixel on phone screen,170,0,BORDERLINE,Small repair guides + manufacturer pages,how-to-test-monitor-dead-pixels,1,done,blog,dead-pixel-test
faulty pixel,170,0,BORDERLINE,Small pixel guides + manufacturer pages,,0,done,tool,dead-pixel-test
hot pixel iphone,170,0,BORDERLINE,Apple Community + small iPhone repair sites,how-to-test-monitor-dead-pixels,1,done,blog,dead-pixel-test
led dead pixel,170,0,BORDERLINE,Small pixel guides + manufacturer pages,,0,done,tool,dead-pixel-test
lenovo backlight bleed,170,0,BORDERLINE,Lenovo community + small tech blogs present,,0,todo,blog,backlight-bleed-test
lg b8 burn in,170,0,BORDERLINE,LG official + Best Buy + RTINGS + NeoGAF,monitor-panel-types-ips-va-oled,1,done,blog,image-retention-test
light leakage monitor,170,0,BORDERLINE,Small backlight guides + manufacturer pages,,0,done,tool,backlight-bleed-test
monitor light leak,170,0,BORDERLINE,Small backlight guides + manufacturer knowledge bases,,0,done,tool,backlight-bleed-test
nintendo 3ds dead pixel,170,0,BORDERLINE,Nintendo community forum + small repair sites,,0,skip,skip,
samsung burn in screen,170,0,BORDERLINE,Samsung Community + XDA Forums + small guides,,0,todo,blog,image-retention-test
samsung qled dead pixel,170,0,BORDERLINE,Samsung community + small tech guides,,0,todo,blog,dead-pixel-test
samsung tv screen size adjustment,170,0,BORDERLINE,Samsung support + small how-to guides,,0,todo,blog,resolution-checker
screen bleeding tv,170,0,BORDERLINE,Small guides + manufacturer support pages,,0,todo,blog,backlight-bleed-test
screen burn in oled,170,0,BORDERLINE,Mix of manufacturer pages + small guides,,0,done,tool,image-retention-test
1280 x 768 resolution,140,0,BORDERLINE,Informational; small tech forums + Wikipedia,,0,done,tool,resolution-checker
aoc dead pixel,140,0,BORDERLINE,AOC warranty docs + Overclock.net + Tom's Hardware Forum,,0,todo,blog,dead-pixel-test
backlight clouding,140,0,BORDERLINE,Small backlight guides + manufacturer knowledge bases,what-is-backlight-bleed,1,done,blog,backlight-bleed-test
led backlight bleed,140,0,BORDERLINE,Mix of small backlight guides + manufacturer blogs,,0,done,tool,backlight-bleed-test
led tv backlight bleed,140,0,BORDERLINE,Mix of small backlight guides + manufacturer blogs,,0,todo,blog,backlight-bleed-test
oled backlight bleed,140,0,BORDERLINE,Small guides clarifying OLED doesn't bleed; mixed SERP,what-is-backlight-bleed,1,done,blog,backlight-bleed-test
oled tv dead pixel,140,0,BORDERLINE,Mix of manufacturer pages + small pixel guides,,0,todo,blog,dead-pixel-test
pc screen resolution sizes,140,0,BORDERLINE,Small tech guides + manufacturer pages,,0,done,tool,resolution-checker
philips backlight bleeding,140,0,BORDERLINE,Philips support + small tech blogs present,,0,todo,blog,backlight-bleed-test
philips oled burn in,140,0,BORDERLINE,Philips support + small tech blogs,monitor-panel-types-ips-va-oled,1,done,blog,image-retention-test
prevent oled burn in,140,0,BORDERLINE,Samsung + LG + ViewSonic + small guides,monitor-panel-types-ips-va-oled,1,done,blog,image-retention-test
red stuck pixel,140,0,BORDERLINE,Small pixel guides + manufacturer knowledge bases,,0,done,tool,stuck-pixel-fixer
sony a9g burn in,140,0,BORDERLINE,Sony support + RTINGS + small forums,monitor-panel-types-ips-va-oled,1,done,blog,image-retention-test
burn in oled display,110,0,BORDERLINE,Mix of manufacturer pages + tech publications,,0,done,tool,image-retention-test
dead pixel smartphone,110,0,BORDERLINE,Small repair guides + manufacturer pages,how-to-test-monitor-dead-pixels,1,done,blog,dead-pixel-test
dead pixel test samsung,110,0,BORDERLINE,Samsung community + small pixel test tools,how-to-test-monitor-dead-pixels,1,done,blog,dead-pixel-test
discolored pixels on screen,110,0,BORDERLINE,Small repair guides + manufacturer pages,,0,done,tool,dead-pixel-test
hot pixel lcd,110,0,BORDERLINE,Small pixel guides + manufacturer knowledge bases,,0,done,tool,dead-pixel-test
laptop light bleed,110,0,BORDERLINE,Small backlight guides + manufacturer pages,,0,done,tool,backlight-bleed-test
lg backlight bleed,110,0,BORDERLINE,LG community + small tech blogs present,,0,todo,blog,backlight-bleed-test
max refresh rate ps5,110,0,BORDERLINE,Sony + Digital Foundry + small gaming guides,refresh-rate-60hz-vs-144hz,1,done,blog,refresh-rate-checker
msi screen bleeding,110,0,BORDERLINE,MSI community + small tech blogs present,,0,todo,blog,backlight-bleed-test
oled stuck pixel,110,0,BORDERLINE,Small pixel guides + manufacturer pages,stuck-pixels-causes-and-fixes,1,done,blog,stuck-pixel-fixer
phone screen dead pixels,110,0,BORDERLINE,Small repair guides + manufacturer pages,how-to-test-monitor-dead-pixels,1,done,blog,dead-pixel-test
stuck pixels on phone screen,110,0,BORDERLINE,Small repair guides + manufacturer pages,stuck-pixels-causes-and-fixes,1,done,blog,stuck-pixel-fixer
vga max resolution and refresh rate,110,0,BORDERLINE,Technical; developer forums + small guides,,0,todo,blog,resolution-checker
lowest resolution monitor,1900,1,BORDERLINE,Small tech forums + informational blogs,,0,done,tool,resolution-checker
display refresh rate,1300,1,BORDERLINE,RTINGS + Intel + HP + Lenovo + small blogs,,0,done,tool,refresh-rate-checker
refresh rate screen,1300,1,BORDERLINE,RTINGS + Lenovo + Intel + small blogs,,0,done,tool,refresh-rate-checker
oled tv burn in,1000,1,BORDERLINE,LG official + RTINGS + Tom's Guide + small sites,,0,done,tool,image-retention-test
broken pixels on phone,1000,1,BORDERLINE,Small repair guides + some manufacturer pages,how-to-test-monitor-dead-pixels,1,done,blog,dead-pixel-test
burn in oled tv,1000,1,BORDERLINE,LG + Samsung official + tech publications,monitor-panel-types-ips-va-oled,1,done,blog,image-retention-test
burn in on oled tv,1000,1,BORDERLINE,LG + Samsung official + tech publications,monitor-panel-types-ips-va-oled,1,done,blog,image-retention-test
display hz,1000,1,BORDERLINE,RTINGS + Lenovo + Intel + small blogs,,0,done,tool,refresh-rate-checker
hertz display,1000,1,BORDERLINE,RTINGS + Intel + HP + small tech blogs,,0,done,tool,refresh-rate-checker
oled tv and burn in,1000,1,BORDERLINE,LG + Samsung + TechRadar + RTINGS present,monitor-panel-types-ips-va-oled,1,done,blog,image-retention-test
broken pixel screen,880,1,BORDERLINE,Small repair guides + manufacturer support pages,,0,done,tool,dead-pixel-test
hertz refresh rate,880,1,BORDERLINE,RTINGS + Intel + small tech blogs,,0,done,tool,refresh-rate-checker
hz refresh rate,880,1,BORDERLINE,RTINGS + Intel + HP + small tech blogs,,0,done,tool,refresh-rate-checker
backlight bleed fix,590,1,BORDERLINE,DisplayNinja + iFixit + Acer blog + small guides,what-is-backlight-bleed,1,done,blog,backlight-bleed-test
backlight bleed repair,590,1,BORDERLINE,Small tech blogs + manufacturer knowledge bases,what-is-backlight-bleed,1,done,blog,backlight-bleed-test
laptop screen resolution size,590,1,BORDERLINE,Manufacturer pages + small tech guides,,0,done,tool,resolution-checker
display rate,480,1,BORDERLINE,Informational; RTINGS + small tech blogs,,0,done,tool,refresh-rate-checker
resolution 800x480,480,1,BORDERLINE,Informational; small tech forums + Wikipedia,,0,done,tool,resolution-checker
samsung display resolution,390,1,BORDERLINE,Samsung pages + small tech guides,,0,todo,blog,resolution-checker
samsung oled burn in,390,1,BORDERLINE,Samsung Community + Android Authority + small sites,monitor-panel-types-ips-va-oled,1,done,blog,image-retention-test
samsung screen resolution,390,1,BORDERLINE,Samsung pages + small tech guides,,0,todo,blog,resolution-checker
144 hz meaning,320,1,BORDERLINE,RTINGS + DisplayNinja + Intel + small guides,refresh-rate-60hz-vs-144hz,1,done,blog,refresh-rate-checker
dual monitor with different resolution,320,1,BORDERLINE,Microsoft support + small how-to guides,understanding-monitor-resolution-dpi,1,done,blog,resolution-checker
fix dead pixel iphone,320,1,BORDERLINE,Apple Community present; mix with small iPhone repair sites,stuck-pixels-causes-and-fixes,1,done,blog,stuck-pixel-fixer
fix stuck pixel iphone,320,1,BORDERLINE,Apple Community present; mix with small repair sites,stuck-pixels-causes-and-fixes,1,done,blog,stuck-pixel-fixer
xbox series x hertz rate,210,1,BORDERLINE,Microsoft + Digital Foundry + small gaming guides,refresh-rate-60hz-vs-144hz,1,done,blog,refresh-rate-checker
2k screen size,170,1,BORDERLINE,Wikipedia + RTINGS + small tech blogs,,0,done,tool,resolution-checker
oled burn in issue,140,1,BORDERLINE,Mix of manufacturer pages + tech publications,monitor-panel-types-ips-va-oled,1,done,blog,image-retention-test
oled tv burn in issues,140,1,BORDERLINE,LG + Samsung official + tech publications,monitor-panel-types-ips-va-oled,1,done,blog,image-retention-test
samsung tv backlight bleed fix,140,1,BORDERLINE,Samsung support + small fix guides,,0,todo,blog,backlight-bleed-test
10 hz monitor,1000,2,BORDERLINE,Niche; small forums + tech blogs,,0,todo,blog,refresh-rate-checker
oled burn in risk,590,2,BORDERLINE,Mix of manufacturer pages + tech publications,monitor-panel-types-ips-va-oled,1,done,blog,image-retention-test
tv screen resolution sizes,390,2,BORDERLINE,RTINGS + manufacturer pages + small guides,,0,todo,blog,resolution-checker
burn in oled monitor,260,2,BORDERLINE,ViewSonic + Corsair + Tom's Hardware + small sites,,0,done,tool,image-retention-test
lcd pixel fixer,210,2,BORDERLINE,Microsoft Store app present; JScreenFix + small tools,,0,done,tool,stuck-pixel-fixer
screen quality,210,2,BORDERLINE,RTINGS + manufacturer pages + small blogs,,0,skip,skip,
refresh hz,170,2,BORDERLINE,RTINGS + small tech blogs,,0,done,tool,refresh-rate-checker
resolution and refresh rate,110,2,BORDERLINE,Microsoft support + RTINGS + small guides,understanding-monitor-resolution-dpi,1,done,blog,resolution-checker
4k monitor programming,2900,3,BORDERLINE,RTINGS + Best Buy + BenQ + small tech blogs,,0,skip,skip,
480x800,210,3,BORDERLINE,Informational; small tech forums + Wikipedia,,0,done,tool,resolution-checker
displayport 1.4 max refresh rate 1440p,210,3,BORDERLINE,Technical; developer forums + small guides,refresh-rate-60hz-vs-144hz,1,done,blog,refresh-rate-checker
tcl backlight bleed,140,3,BORDERLINE,TCL community + small tech blogs,,0,todo,blog,backlight-bleed-test
hz screen,720,4,BORDERLINE,RTINGS + small tech blogs + manufacturer pages,,0,done,tool,refresh-rate-checker
screen hertz,720,4,BORDERLINE,RTINGS + small tech blogs,,0,done,tool,refresh-rate-checker
wide screen size,480,4,BORDERLINE,Small dimension guides + manufacturer pages,,0,done,tool,resolution-checker
1080p screen size,140,4,BORDERLINE,Informational; small tech blogs + manufacturer pages,,0,done,tool,resolution-checker
super arena gaming ux,140,4,BORDERLINE,Niche gaming term; small gaming forums and guides,,0,skip,skip,
high refresh rate,880,5,BORDERLINE,RTINGS + multiple monitor brands + small blogs,,0,done,tool,refresh-rate-checker
dell xps 13 screen size,480,5,BORDERLINE,Dell spec page + RTINGS + small review sites,,0,todo,blog,resolution-checker
notebook resolution,260,5,BORDERLINE,Manufacturer pages + small tech blogs,,0,done,tool,resolution-checker
2k screen resolution,1300,6,BORDERLINE,Wikipedia + RTINGS + Samsung + small blogs,,0,done,tool,resolution-checker
1280x1024 resolution monitor,880,6,BORDERLINE,Small tech forums + Wikipedia + manufacturer pages,,0,done,tool,resolution-checker
vrr display,590,6,BORDERLINE,BenQ + ViewSonic + PCGamingWiki + ArchWiki,refresh-rate-60hz-vs-144hz,1,done,blog,refresh-rate-checker
ultrawide screen resolution,170,6,BORDERLINE,RTINGS + Amazon + BenQ + small tech blogs,,0,done,tool,resolution-checker
portable 144hz monitor,1300,7,BORDERLINE,RTINGS + Amazon + monitor review sites,,0,skip,skip,
dell latitude 7480 screen size,260,7,BORDERLINE,Dell spec pages + small tech guides,,0,skip,skip,
hz meaning in monitor,260,7,BORDERLINE,RTINGS + Lenovo + DisplayNinja + small blogs,refresh-rate-60hz-vs-144hz,1,done,blog,refresh-rate-checker
144 hz refresh rate,720,8,BORDERLINE,RTINGS + DisplayNinja + Intel + small guides,,0,done,tool,refresh-rate-checker
dell latitude 5480 screen size,260,8,BORDERLINE,Dell spec pages + small tech guides,,0,skip,skip,
1600x1200 monitor,3600,9,BORDERLINE,Niche; Amazon + Newegg + Tom's Hardware Forum,,0,todo,blog,resolution-checker
1080p screen,1600,9,BORDERLINE,Mix of tech blogs + manufacturer pages + RTINGS,,0,done,tool,resolution-checker
lcd pixel,1000,9,BORDERLINE,Mix of small pixel guides + manufacturer knowledge bases,,0,done,tool,dead-pixel-test
120 hertz display,1900,10,BORDERLINE,RTINGS + Lenovo + small tech blogs,refresh-rate-60hz-vs-144hz,1,done,blog,refresh-rate-checker
ultrawide monitor resolution,1300,10,BORDERLINE,RTINGS + Amazon + BenQ + Best Buy present,,0,done,tool,resolution-checker
ultra wide screen resolution,1300,10,BORDERLINE,RTINGS + Amazon + BenQ + small tech blogs,,0,done,tool,resolution-checker
dell latitude 5420 screen size,590,10,BORDERLINE,Dell spec pages + small tech guides,,0,skip,skip,
widescreen monitor resolution,390,10,BORDERLINE,RTINGS + manufacturer pages + small tech blogs,,0,done,tool,resolution-checker
gaming monitor resolution,390,10,BORDERLINE,RTINGS + multiple monitor brands + small blogs,understanding-monitor-resolution-dpi,1,done,blog,resolution-checker
all hz monitors,210,11,BORDERLINE,Informational; small tech blogs + RTINGS,refresh-rate-60hz-vs-144hz,1,done,blog,refresh-rate-checker
average computer screen size,1300,12,BORDERLINE,Small statistics blogs + manufacturer pages,,0,todo,blog,resolution-checker
full hd lcd display,260,13,BORDERLINE,Manufacturer pages + RTINGS + small tech blogs,understanding-monitor-resolution-dpi,1,done,blog,resolution-checker
dell latitude 5410 screen size,140,13,BORDERLINE,Dell spec pages + small tech guides,,0,skip,skip,
qxga monitor,210,14,BORDERLINE,Niche informational; Wikipedia + small tech blogs,,0,skip,skip,
raspberry pi 4k display,170,14,BORDERLINE,Raspberry Pi Foundation + small maker blogs,,0,skip,skip,
165hz refresh rate,110,14,BORDERLINE,RTINGS + small comparison blogs,refresh-rate-60hz-vs-144hz,1,done,blog,refresh-rate-checker
different hertz monitors,210,15,BORDERLINE,Small tech blogs + RTINGS + manufacturer pages,refresh-rate-60hz-vs-144hz,1,done,blog,refresh-rate-checker
display wuxga,4400,17,BORDERLINE,Informational; Wikipedia + small tech blogs,understanding-monitor-resolution-dpi,1,done,blog,resolution-checker
high resolution display,320,17,BORDERLINE,RTINGS + manufacturer pages + small tech blogs,understanding-monitor-resolution-dpi,1,done,blog,resolution-checker
800x600 display,260,17,BORDERLINE,Informational; small tech forums + Wikipedia,,0,done,tool,resolution-checker
display 1080p,590,20,BORDERLINE,RTINGS + manufacturer pages + small tech blogs,,0,done,tool,resolution-checker
4k 1080p monitor,1000,21,BORDERLINE,RTINGS + Amazon + manufacturer pages,understanding-monitor-resolution-dpi,1,done,blog,resolution-checker
1080p 4k monitor,1000,21,BORDERLINE,RTINGS + Amazon + monitor brands present,understanding-monitor-resolution-dpi,1,done,blog,resolution-checker
hz for gaming,210,22,BORDERLINE,RTINGS + ASUS ROG + small gaming blogs,refresh-rate-60hz-vs-144hz,1,done,blog,refresh-rate-checker
high quality display,110,22,BORDERLINE,RTINGS + manufacturer pages + small tech blogs,,0,skip,skip,
4k display screen,1000,23,BORDERLINE,RTINGS + manufacturer pages + small tech blogs,understanding-monitor-resolution-dpi,1,done,blog,resolution-checker
fhd screen,880,23,BORDERLINE,Informational; manufacturer pages + Wikipedia,understanding-monitor-resolution-dpi,1,done,blog,resolution-checker
wuxga screen,320,24,BORDERLINE,Informational; Wikipedia + small tech blogs,understanding-monitor-resolution-dpi,1,done,blog,resolution-checker
27 monitor 1080p,2900,25,BORDERLINE,RTINGS + Amazon + manufacturer review sites,,0,skip,skip,
240hz gaming,140,25,BORDERLINE,RTINGS + monitor brands + small blogs,refresh-rate-60hz-vs-144hz,1,done,blog,refresh-rate-checker
27 monitor width,210,26,BORDERLINE,Small dimension guides + manufacturer pages,,0,skip,skip,
1920x1080 laptop screen,170,30,BORDERLINE,Manufacturer pages + RTINGS + small tech blogs,,0,done,tool,resolution-checker
144hz gaming,170,31,BORDERLINE,RTINGS + ASUS ROG + BenQ + small blogs,refresh-rate-60hz-vs-144hz,1,done,blog,refresh-rate-checker
4k tv monitor,2400,33,BORDERLINE,RTINGS + Amazon + manufacturer pages,,0,skip,skip,
4k tv as computer monitor,2400,33,BORDERLINE,RTINGS + Wirecutter + small how-to guides,,0,skip,skip,
32in monitor dimensions,260,35,BORDERLINE,Small dimension guides + manufacturer pages,,0,skip,skip,
msi optix 240hz,110,35,BORDERLINE,MSI + RTINGS + monitor review sites,,0,skip,skip,
lg 240hz monitor,720,36,BORDERLINE,LG product page + RTINGS + monitor review sites,,0,skip,skip,
4k uhd gaming monitor,1000,37,BORDERLINE,RTINGS + Amazon + multiple monitor brands,,0,skip,skip,
4k monitor for ps4,110,38,BORDERLINE,RTINGS + Amazon + small gaming guides,,0,skip,skip,
1920x1080p monitor,480,40,BORDERLINE,RTINGS + Amazon + manufacturer pages,,0,done,tool,resolution-checker
viewsonic 120hz monitor,140,40,BORDERLINE,ViewSonic + RTINGS + monitor review sites,,0,skip,skip,
fastest refresh rate monitor,480,44,BORDERLINE,RTINGS + Tom's Hardware + Blur Busters + small sites,refresh-rate-60hz-vs-144hz,1,done,blog,refresh-rate-checker
32 inch 4k uhd monitor,390,44,BORDERLINE,RTINGS + Amazon + manufacturer pages,,0,skip,skip,
variable refresh rate monitor,170,45,BORDERLINE,BenQ ZOWIE + ViewSonic + PCGamingWiki + small sites,,0,done,tool,refresh-rate-checker
oled 240hz gaming monitor,170,48,BORDERLINE,Multiple monitor brands + RTINGS + PCWorld,,0,skip,skip,
asus 3d monitor 144hz,210,49,BORDERLINE,ASUS product page + RTINGS + monitor review sites,,0,skip,skip,
dead pixel on samsung tv,6600,0,SKIP,Samsung support dominates; multiple Samsung pages,,0,skip,skip,
samsung tv stuck pixel,6600,0,SKIP,Samsung branded; Samsung support owns SERP,,0,skip,skip,
stuck pixel samsung tv,6600,0,SKIP,Samsung branded; Samsung support owns SERP,,0,skip,skip,
dead pixel hp,3600,0,SKIP,HP Support Community dominates with 7+ entries,,0,skip,skip,
razer blade backlight bleed,2900,0,SKIP,Razer Insider community owns SERP; 5+ Razer pages,,0,skip,skip,
dead pixel samsung,2400,0,SKIP,Samsung support pages + Samsung Community own this SERP,,0,skip,skip,
stuck pixel samsung,2400,0,SKIP,Samsung branded; Samsung support owns SERP,,0,skip,skip,
hp dead pixel,1300,0,SKIP,HP Support Community dominates with 7+ entries,,0,skip,skip,
alienware dead pixel,1000,0,SKIP,Dell/Alienware support pages dominate; 4+ Dell results,,0,skip,skip,
samsung qled burn in,260,0,SKIP,Samsung owns this SERP; 4+ Samsung pages including Newsroom,,0,skip,skip,
alienware 500hz gaming monitor,590,5,SKIP,Dell/Alienware branded product; Dell + Amazon + RTINGS dominate,,0,skip,skip,
5k monitor resolution,5400,7,SKIP,Amazon + Samsung + LG + RTINGS + Lenovo dominate,,0,skip,skip,
5k screen resolution,5400,7,SKIP,Amazon + Samsung + LG + RTINGS + Lenovo dominate,,0,skip,skip,
